#,Description,Domain Alignment,Purpose
1,Crumb of Origin,WholeDonuts.app,Entry point
2,Thread of Continuity,WholeDonuts.org,Foundation
3,Spark of Craft,TheNutur3dChef.com,Creation
4,Echo of Sharing,WholeDonuts.buzz,Gallery
5,Circle of Healing,WholeDonuts.org,Restoration
6,Strand of Effort,WholeDonuts.app,Engagement
7,Fragment of Unity,WholeDonuts.org,Identity
8,Grain of Purpose,TheNutur3dChef.com,Philosophy
9,Thread of Invitation,WholeDonuts.app,Attraction
10,Particle of Wholeness,WholeDonuts.org,Cohesion
11,Crumb of Craftsmanship,TheNutur3dChef.com,Artisan
12,Strand of Experience,WholeDonuts.buzz,Stories
13,Fragment of Light,WholeDonuts.app,Visual identity
14,Grain of Connection,WholeDonuts.org,Social bridge
15,Thread of Humanity,TheNutur3dChef.com,Authenticity
16,Particle of Growth,WholeDonuts.buzz,Expansion
17,Crumb of Inclusion,WholeDonuts.org,Belonging
18,Strand of Resilience,WholeDonuts.app,Strength
19,Fragment of Creation,TheNutur3dChef.com,Innovation
20,Grain of Reflection,WholeDonuts.buzz,Feedback
21,Thread of Balance,WholeDonuts.org,Harmony
22,Particle of Energy,WholeDonuts.app,Momentum
23,Crumb of Legacy,WholeDonuts.org,Continuity
24,Strand of Vision,TheNutur3dChef.com,Future
25,Fragment of Trust,WholeDonuts.buzz,Integrity
26,Grain of Wholeness,WholeDonuts.app,Unity
27,Thread of Invitation,WholeDonuts.org,Magnetism
28,Particle of Completion,WholeDonuts.buzz,The Whole